Tweet ID,Tweet Text,Information Source,Information Type,Informativeness,source_dataset
218419551019339776,My thoughts &amp; prayers are with the flood victims in Florida &amp; the south &amp; Colorado victims of the horrible fires! Extremely sad situations!,Outsiders,Sympathy and support,Related - but not informative,2012_Colorado_wildfires
379120898835349504,Everybody Keep @DJWhizlam &amp;The Residents Of Colorado In Your Prayers! The Weather There Is Crazy &amp; It has Me VERY Concerned! #ColoradoFlood,Outsiders,Sympathy and support,Related - but not informative,2013_Colorado_floods
323939918176985089,"I close my eyes &amp; I can see a better day, I close my eyes &amp; pray‚ù§ #prayforboston I don't want to live here anymore http://t.co/3yYtrUVRkv",Outsiders,Sympathy and support,Related - but not informative,2013_Boston_bombings
323895492088037376,"I can't deal with the world anymore, people are just so fucked up and sick, I'll be praying for the Boston marathon victims &amp; their families",Outsiders,Sympathy and support,Related - but not informative,2013_Boston_bombings
217855316463857667,My poor baby Colorado Springs. My hearts out to my hometown. &lt;3 The United States is so dry that fires ar        (cont) http://t.co/iKojMidS,Eyewitness,Sympathy and support,Related - but not informative,2012_Colorado_wildfires
323922654413324288,2day was supposed to be an amazing day to celebrate the release of chloe instead we are bringing out the #teaminspire in us #PrayforBoston&lt;3,Outsiders,Sympathy and support,Related - but not informative,2013_Boston_bombings
324856960795176960,@ESPN_Greeny heard the audio from Boston on my way to work this am &amp; saw flags waving. Teary-eyed by the end! #prayforboston #mike&amp;mike,Media,Sympathy and support,Related - but not informative,2013_Boston_bombings
323933584777940992,Just heard from my friend in Boston. She was running &amp; 3 miles from the explosion but ok. I'm shaking from the relief but also the tragedy.,Eyewitness,Affected individuals,Related - but not informative,2013_Boston_bombings
218564439077699584,Colorado Springs; may God show u blessings in this tragic time. Alberta lost much of a town last year to fire &amp; our hearts go out to u all.,Outsiders,Sympathy and support,Related - but not informative,2012_Colorado_wildfires
324760869290536960,"No words. West, Texas fertilizer explosion. Prayers to all those effected. Video shows explosion. absolutely insane-&gt; http://t.co/xschuCXNdD",Outsiders,Sympathy and support,Related - but not informative,2013_West_Texas_explosion
326329958404325376,"Obama's not scheduled to visit the devastated community of West, Texas. Fund raiseing &amp; Planned Parenthood are more important to him. #tcot",Outsiders,Other Useful Information,Related - but not informative,2013_West_Texas_explosion
396392841381179392,All these #democrats running around raping &amp; killing people #LAXShooting they hang out with #Muslims believe the islamic jihadist ideology,Outsiders,Other Useful Information,Related - but not informative,2013_LA_airport_shootings
323985149551325184,So many people have had their hearts &amp; bodies broken at this event that should be a celebration of human endurance and will #prayforboston,Outsiders,Sympathy and support,Related - but not informative,2013_Boston_bombings
324763935343534080,My thoughts and prayers go out to my fellow brothers &amp; sisters affected from the plant explosion in west Texas. It's a tragic accident :'(,Outsiders,Sympathy and support,Related - but not informative,2013_West_Texas_explosion
215564110799183872,Re symbols on today's map: MT @LarimerSheriff: Only relevant to firefightng effort. Will b removd 4 tomorrow to reduce confusn #HighParkFire,Government,Other Useful Information,Related - but not informative,2012_Colorado_wildfires
325425179956240384,"Touched by cheering for Boston PD, EMS, etc. Now is good time to remember all the First Responders -- volunteers -- who died in West, Texas.",Outsiders,Sympathy and support,Related - but not informative,2013_West_Texas_explosion
396413057917661187,"People from NJ and LA are always such calm, even-tempered folks that it's hard to imagine how this could happen. Let's all act shocked. #lax",Outsiders,Other Useful Information,Related - but not informative,2013_LA_airport_shootings
327435014935564288,Sad on many levels @NBCNews: CONFIRMED: Brown University student falsely identified as Boston bombing suspect found dead in Providence River,Media,Affected individuals,Related - but not informative,2013_Boston_bombings
407173473526886400,@bylandl I hear Metro North and derailment and I start (with no statistical justification) worrying about you. Hoping my worry is pointless.,Outsiders,Sympathy and support,Related - but not informative,2013_NY_train_crash
378086243705184256,RT @Muffissness: RT @LouiseMase Can't believe a few hours ago it was just a bit of heavy rain.. Escalated ridiculously quickly #boulderflood,Media,Affected individuals,Related - but not informative,2013_Colorado_floods
325476761502633984,"@NTXGooner82 lol. Apparently so! Next thing you know they claim link to West,TX explosion because of Chechnyan immigrants that live there. üòê",Outsiders,Not applicable,Related - but not informative,2013_West_Texas_explosion
324035535716880384,Saddened by the bombs that exploded in the crowded streets near the finish line of the Boston Marathon yesterday; Love to all those affected,Outsiders,Sympathy and support,Related - but not informative,2013_Boston_bombings
396345600918446080,Listening to this shooting at LAX on CNN.. Shootings happen every single day but only certain ones are heavily publicized; gotta be a reason,Outsiders,Other Useful Information,Related - but not informative,2013_LA_airport_shootings
396542166966603776,"#LAXShooting: now what? #NRA supporters will ask for all passengers the right to carry a gun also at the airport, for self defense purposes?",Outsiders,Other Useful Information,Related - but not informative,2013_LA_airport_shootings
396350155923795968,I know a few people that were in that terminal. I send my heart and condolences to all the victims &amp; their families of the LAX shooting.,Eyewitness,Sympathy and support,Related - but not informative,2013_LA_airport_shootings
398152683254591488,RT @PrisonPlanet: Airport shooting: Arm the TSA! School shooting: Arm the teachers? Interesting which one the establishment pushes isn't it?,Outsiders,Other Useful Information,Related - but not informative,2013_LA_airport_shootings
396370116645900288,RT @Jydawg11: I guess the TSA and FBI is having trouble finding patsies to shoot shit up so their just doing it themselves now! #LAXShooting,Outsiders,Not applicable,Related - but not informative,2013_LA_airport_shootings
407154104205451265,Feel terrible re Metro North derailment. Rode same line in Sept. Safety record in the past year is thought-provoking. Usually great service.,Outsiders,Sympathy and support,Related - but not informative,2013_NY_train_crash
323926781600088064,Our hearts go out to all those affected by the #Boston tragedy. @Google &amp; @RedCross tools: http://t.co/wtur54aVT0 http://t.co/TgK0uII55z,Business,Sympathy and support,Related - but not informative,2013_Boston_bombings
218097168454651904,"I really hope that someone did not deliberately start any of the fires going on here in Colorado, that would be just disgusting. Absolutely.",Outsiders,Sympathy and support,Related - but not informative,2012_Colorado_wildfires
407571659781337088,"In city hall park, de Blasio says his heart goes out to Metro North crash victims, notes he has taken that train many times to visit his mom",Outsiders,Sympathy and support,Related - but not informative,2013_NY_train_crash
323886671491915776,RT @LauraLaneNYC: Three friends running in the Boston Marathon today. Thinking of them and their fellow runners and hoping everyone is safe.,Eyewitness,Sympathy and support,Related - but not informative,2013_Boston_bombings
325280363217838080,My heart hurts for #boston but then the coffee shop bombing in Iraq that killed 27 makes my brain hurt too. C'mon humans. We must get better,Outsiders,Sympathy and support,Related - but not informative,2013_Boston_bombings
397354398139318272,@RichardDawkins airport security is a cash cow. Incident at LAX proved that. A terrorist could drive up to an airport &amp; detonate a bomb.,Outsiders,Not applicable,Related - but not informative,2013_LA_airport_shootings
397552197338005504,"Every time I turn on KTLA there's some Breaking News. LAX shootings, Car chases, President, press conferences... America. Calm down, please!",Outsiders,Other Useful Information,Related - but not informative,2013_LA_airport_shootings
324748265398611968,This has hot to be one of the most spine tingling things i have ever witnessed in my life. So sad and surreal http://t.co/RWsaGvzmx3 #Waco üòî,Eyewitness,Sympathy and support,Related - but not informative,2013_West_Texas_explosion
327540002521243648,"Today, our thoughts and prayers are with the victims of the explosion in West, and their families. May God bless West http://t.co/UVaClVVemQ",Outsiders,Sympathy and support,Related - but not informative,2013_West_Texas_explosion
323920980898631680,RT @shagcaster: @_bal_ Yup. But I live in motherfucking Washington state. THOUSANDS OF MILES AWAY. I doubt that'll set a bomb in Boston off.,Outsiders,Other Useful Information,Related - but not informative,2013_Boston_bombings
323932682994192384,RT @TinaBhatnagar: Its days like today that I feel really proud to work @twitter. Truly a lifeline during periods of tragedy. #prayforboston,Outsiders,Sympathy and support,Related - but not informative,2013_Boston_bombings
325329721774723072,When they catch the Boston terrorist they should make him sit in the Boston Bruins bench during a game. No one would bomb America ever again,Outsiders,Other Useful Information,Related - but not informative,2013_Boston_bombings
217849616434085889,positive thoughts to the people in waldo canyon~colorado springs~surrounding areas..hope those winds subside so they can control those fires,Outsiders,Sympathy and support,Related - but not informative,2012_Colorado_wildfires
213689735082807296,"#HighParkFire info on #LarimerCounty webpage. A lot of advice about prepping for a fire, safety lists, evacuation checklists, structure maps",Government,Caution and advice,Related - but not informative,2012_Colorado_wildfires
379623338672287744,RT @OWHnews: Colorado flooding: Have your friends and family been affected? Email @gaarder at email001@anonymous.com or call her at 444-1102.,Media,Affected individuals,Related - but not informative,2013_Colorado_floods
382629769654718464,"RT @FreysingerMazda: #Mazda announced two donations totalling $40,000 to support relief efforts for disasters such as the Colorado flooding.",Business,Donations and volunteering,Related - but not informative,2013_Colorado_floods
407278058505515008,"RIP to all the people involved in the helicopter crash in Glasgow, the train crash in New York, and Paul Walker and Roger Rodas  such ashame",Outsiders,Sympathy and support,Related - but not informative,2013_NY_train_crash
324095958864502784,Why are there people on this world who wants to hurt other people? I don't get it why do you want to make people sad and cry? #prayforboston,Outsiders,Sympathy and support,Related - but not informative,2013_Boston_bombings
396367222550970369,Dont worry-not hurt or guilty. I'm tired of being huddled on the sidewalk &amp; not knowing when guns will stop or if I'll get to Bali #LAX,Eyewitness,Affected individuals,Related - but not informative,2013_LA_airport_shootings
324847058026643456,We now have the Boston bombing &amp; the explosion in Texas added alongside Virginia Tech for this week of mourning in April. #PrayForUsAll,Outsiders,Sympathy and support,Related - but not informative,2013_Boston_bombings
323971094434426880,"Please, please MT  ‚Äè@ginadee1h You may not want to #prayforBoston, but on social media, isn't it a good idea to at least #pause for Boston?",Outsiders,Sympathy and support,Related - but not informative,2013_Boston_bombings
323968963736399872,RT @RedCross: Thanks to generosity of volunteer blood donors there is currently enough blood on the shelves to meet demand. #BostonMarathon,NGOs,Donations and volunteering,Related - but not informative,2013_Boston_bombings
217806167630557186,RT @PatrickSandusky: This is colorado springs right now. Look at this photo and be shocked.  Its f'ing armageddon here http://t.co/W6fXJr2H,Outsiders,Other Useful Information,Related - but not informative,2012_Colorado_wildfires
324738433975209984,"‚Äú@SorryNotSoorry: I have no words. This is terrifying. #PrayForTexas. http://t.co/vdl4kOE9Up‚Äù speechless, this is so scary #PrayersForTexas",Outsiders,Sympathy and support,Related - but not informative,2013_West_Texas_explosion
218061139345547265,"No wonder my allergies are crazy. Please pray for the fire in Colorado to be gotten under control, so scary and so sad http://t.co/zyPHSXCQ",Outsiders,Sympathy and support,Related - but not informative,2012_Colorado_wildfires
324017340826144769,RT @JackLindstrom94: People can chill about Boston Marathon. More people have got injured from Justin bieber smoking pot so cool that shit.,Outsiders,Other Useful Information,Related - but not informative,2013_Boston_bombings
396435669389549568,‚Äú@OneRepublic: Shootings at airports now????   We fly out of LAX more than any airport.  God help the victim's families.  This is insanity‚Äù,Outsiders,Sympathy and support,Related - but not informative,2013_LA_airport_shootings
407146994868948992,"everyone enjoy your sunday roasts and have a lovely sunday,my prayers goes out to those hurt or killed in the train derailment in new york.",Outsiders,Sympathy and support,Related - but not informative,2013_NY_train_crash
325675848327901184,"RT @AnonIRC: 1. Boston Marathon bombing; 2. West, TX explosion; 3. #CISPA passes in the US House; You will only be told about two of these.",Outsiders,Other Useful Information,Related - but not informative,2013_West_Texas_explosion
324016153859088384,RT @EbenOfficial: Continue to keep the people and their families involved in the Boston bombing in your prayers and thoughts #PrayForBoston,Outsiders,Sympathy and support,Related - but not informative,2013_Boston_bombings
324739931308187649,"Been a rough week for this country. Remember, no matter how bad it seems, continue to trust in the Lord. #prayforwest&amp;boston #keepfaith",Outsiders,Sympathy and support,Related - but not informative,2013_West_Texas_explosion
407173473539076097,"So apparently back when I visited #NY, I was supposed to take the metro train that derailed this morning, but we didn't have time... Crazy!",Outsiders,Sympathy and support,Related - but not informative,2013_NY_train_crash
325102029775175680,This week has been crazy: Mon-Boston Marathon Bombing. Tue-Political Poisoning. Wed-Fertilizer Factory Explosion. Today-MIT officer killed.,Outsiders,Other Useful Information,Related - but not informative,2013_West_Texas_explosion
380272600162648064,Bid now on this one of a kind SIGNED canvas print of our @RedRocksOnline poster. ALL proceeds go to #Coflood relief: http://t.co/uygoDvxS5l,Business,Donations and volunteering,Related - but not informative,2013_Colorado_floods
324190376829284352,"We feel sorrow and anger for what happened in Boston, but people killed in dozens in Syria  daily  #bostonmarathon  #Sryia #BostonExplosion",Outsiders,Sympathy and support,Related - but not informative,2013_Boston_bombings
324882407654305793,So far this week - #prayfortexas  - #prayforboston  - two 14 year olds killed a homeless man as a dare - bomb threats   It's only Thursday.,Outsiders,Sympathy and support,Related - but not informative,2013_West_Texas_explosion
325163899966078976,"@DonnieWahlberg Thank you Donnie!! God bless Boston and the rest of Massachusetts and also Waco, Texas.. Let us not forget the innocent :-)",Outsiders,Sympathy and support,Related - but not informative,2013_West_Texas_explosion
323940090130866176,"RT @FillWerrell: He was running to support the kids from Sandy Hook, and now he will never run again. #PrayForBoston http://t.co/xEmpln25kt",Outsiders,Sympathy and support,Related - but not informative,2013_Boston_bombings
218585477706551296,RT @JustCindeh: HAHAHAHAHAHA!!!!!!! RT @word_34  Michelle Malkin's mouth is foaming so bad she could almost put out the Colorado wildfires.,Outsiders,Not applicable,Related - but not informative,2012_Colorado_wildfires
325441269289590785,RT @JohnFugelsang: Reminder - 45 Senators just voted to let Dzhokhar Tsarnaev buy weapons at gun shows w/no inconvenient background checks.,Outsiders,Other Useful Information,Related - but not informative,2013_Boston_bombings
407208319791935488,"RT @leahhouston12: Too many deaths the past week, Glasgow crash, the scots monument death, New York derailment, Paul walkers crash, r.i.püòî‚ù§",Outsiders,Affected individuals,Related - but not informative,2013_NY_train_crash
327172673799077889,Why are we all donating money to the Boston Marathon Fund instead of the 15 families of people that died in the Texas Fertilizer explosion?,Outsiders,Donations and volunteering,Related - but not informative,2013_West_Texas_explosion
407215680820637697,Grieving for the families who lost loved ones on the metro north derailment this morning. My prayers are with you during your time of lost.,Outsiders,Sympathy and support,Related - but not informative,2013_NY_train_crash
217745538941071361,I've figured out why Colorado is on fire. Al Qaeda hacked the CIA weather control satellites using a virus that was implanted in Osamas DNA,Outsiders,Other Useful Information,Related - but not informative,2012_Colorado_wildfires
323890945475104769,There are some really cruel and sick people in this world. I wish they'd all just disappear. This stuff should never happen. #PrayForBoston,Outsiders,Sympathy and support,Related - but not informative,2013_Boston_bombings
218105351508201473,"RT @bromleyfalco: @KRQEMark Good work on the  #cofire updates Mark. I'm from Denver, been in NM about 9 months now...thx sadly we know fire",Outsiders,Affected individuals,Related - but not informative,2012_Colorado_wildfires
337542079603437569,"What's worse- security service saying they knew about terrorists and investigated them, or that they'd never heard of them? #london #boston",Outsiders,Other Useful Information,Related - but not informative,2013_Boston_bombings
324930331759230976,RT @olivia_juaire: This is honestly the scariest YouTube video I've ever seen just the girls voice omg #PrayForTexas http://t.co/2eYGVsOMVV,Outsiders,Sympathy and support,Related - but not informative,2013_West_Texas_explosion
396339254936096768,"On @FoxNews witness asks if #TSA is armed? Reporter NO! Witness replies TSA ran w/us, aren't they there to keep us safe? #tcot #LAXShooting",Eyewitness,Affected individuals,Related - but not informative,2013_LA_airport_shootings
324833845973237760,"Fertilizer plant explosion, near Waco Texas, a day before the anniversary of the crazy cult standoff that happened in Waco in '93? Horrible",Outsiders,Sympathy and support,Related - but not informative,2013_West_Texas_explosion
324774836306079744,RT @mirandalambert: #PrayForWest.... I don't understand all this craziness in the world right now. Lord please heal the bodies and hearts.,Outsiders,Sympathy and support,Related - but not informative,2013_West_Texas_explosion
325075844764688385,So far this week - #prayfortexas  - #prayforboston  - two 14 year olds killed a homeless man as a dare - bomb threats   It's only Thursday,Outsiders,Sympathy and support,Related - but not informative,2013_West_Texas_explosion
396351120622116864,California has some of the strictest firearms laws in the Nation.Goes to show you can't legislate those who dont follow laws. #LAXShooting,Outsiders,Other Useful Information,Related - but not informative,2013_LA_airport_shootings
217977681084559360,"@d4_aspen Hey Asp! I have friends who live in Colorado Springs,CO and they are evacuating the city becuz of wild fires. Can you please (c)",Eyewitness,Affected individuals,Related - but not informative,2012_Colorado_wildfires
378137695240732672,"@_fl0ss: Boulder, Colorado feels God's wrath! Rejoice, for the rapture cometh. Let all #atheist sodomites drown! #boulderflood #cowx Harsh",Outsiders,Not applicable,Related - but not informative,2013_Colorado_floods
217952087458328577,RT @SheilaWalsh: Praying for divine intervention  and protection for all those affected by the fires in Colorado Springs. #waldocanyonfire,Outsiders,Sympathy and support,Related - but not informative,2012_Colorado_wildfires
396478728131182594,"After today's airport shooting, people across Los Angeles were united by deep concern over how much longer the security lines will be now.",Outsiders,Sympathy and support,Related - but not informative,2013_LA_airport_shootings
323909735965409280,"So in light of new information, this IS an organized terrorist attack. So sad and screwed up. Stay safe and stay strong, Boston residents.",Not applicable,Sympathy and support,Related - but not informative,2013_Boston_bombings
220625431982915584,@Kajahh @cmpunk but I think they said they were going to have double raw and SD since SD was canceled in Colorado because of recent fires.,Outsiders,Other Useful Information,Related - but not informative,2012_Colorado_wildfires
379287207187460096,RT @BoulderFlood: Please pardon the inconvenience of my incontinence. I tried to hold it in but every hundred years or so... #boulderflood,Outsiders,Not applicable,Related - but not informative,2013_Colorado_floods
324212908647137280,I asked my dad how hes doing when I woke up this morning and his exact words were physically great but emotionally not good #prayforboston,Outsiders,Sympathy and support,Related - but not informative,2013_Boston_bombings
324773355716767744,RT @thatssoRaeLynn_: An explosion in texas bombs in boston when is this going to stop america is falling to peices. #prayforBostonandTexas,Outsiders,Sympathy and support,Related - but not informative,2013_Boston_bombings
379379666412249088,"Someone needs to tell NBC they don't need to be camped in front of my.apartment still, as they.have been for 3 days #boulderflood #headsup",Outsiders,Other Useful Information,Related - but not informative,2013_Colorado_floods
216958289055977473,"Be praying, this is very close to where my parents and sister live...WALDO CANYON FIRE - Colorado Springs Gazette, CO http://t.co/9mQ2VNrm",Media,Sympathy and support,Related - but not informative,2012_Colorado_wildfires
217833346724663296,"RT @bigbooty_JUDYYY: Prayers go out to everyone affected by these wildfires in Colorado! The Lord is the ultimate protector, trust in Him.",Outsiders,Sympathy and support,Related - but not informative,2012_Colorado_wildfires
323973124481748994,"@RandyMeierFox9: How do we, as a country, stop the madness that was demonstrated at the Boston Marathon today? I wonder this all the time.",Media,Sympathy and support,Related - but not informative,2013_Boston_bombings
397794271576612864,#Union calls for new class of armed #TSA agents. B/c more guns will prevent more violence. #LAXShooting #guncontrol http://t.co/YedNoe5rR8,Government,Other Useful Information,Related - but not informative,2013_LA_airport_shootings
325266526183759873,"RT @kennygw: The Redditor pulls out a crumpled note and looks into his webcam. ‚ÄúDzhokhar likes ranch dressing, Miss Lippy‚Äôs car‚Äîis green.‚Äù",Outsiders,Other Useful Information,Related - but not informative,2013_Boston_bombings
325356330418315265,I rly hope they find Dzhokhar Tsarnaev ALIVE so they can blow his ass up with his own pressure cooker bomb. #MSNBC #THIRTYSIXHOURSSTRAIGHT,Outsiders,Other Useful Information,Related - but not informative,2013_Boston_bombings
217798865338896384,"Well,his putting has been off RT @MelissaTweets: Why doesn't President Obama care about Hurricane Katrina? I mean the Colorado wild fires?",Outsiders,Other Useful Information,Related - but not informative,2012_Colorado_wildfires
217824144404918272,RT @rickhowerton: Please pray for my @NavPress friends homes and for Glen Eyrie to be spared. Wildfires sweeping through Colorado Springs.,Outsiders,Sympathy and support,Related - but not informative,2012_Colorado_wildfires
212937008484589570,"#HighParkFire live briefing: Bill Hahnenberg, cmdr: Not the kind of fire where we fight for a couple days and head home. Here a long time.",Government,Other Useful Information,Related - but not informative,2012_Colorado_wildfires
216743465193713664,There are numerous serious fires going on in Colorado and a heat wave that isn't helping. Pray for rain! People are losing their homes. :(,Outsiders,Sympathy and support,Related - but not informative,2012_Colorado_wildfires
323953608372649984,"RT @RobertoLuongo_1: R.I.P to those who died in Boston! For every RT this gets, we will donate $2 to the city and victims. #prayforboston",Outsiders,Donations and volunteering,Related - but not informative,2013_Boston_bombings
378059840569880576,HOLY SHIT. Boulder creek water volume for the last year. Be careful. #boulder #boulderflood http://t.co/TfBOR1iUfF http://t.co/2qEYyqHbwk,Outsiders,Caution and advice,Related - but not informative,2013_Colorado_floods
327082957632331776,Don't forget to go to @wingstop in #Waco TODAY to support #WestTX!! $ goes -&gt; Red Cross Relief Fund so EAT UP!! http://t.co/0EcEKXXYju,Outsiders,Donations and volunteering,Related - but not informative,2013_West_Texas_explosion
324586365276794880,Some days I hate social media! Everyone in a rush to be first to break news. What happened to journalistic integrity? #BostonMarathon #fb,Outsiders,Other Useful Information,Related - but not informative,2013_Boston_bombings
324962061660606464,RT @b_petty14: The line to give blood. So cool to watch how people come together in times of tragedy. #PrayforWest http://t.co/m0dNFoPQIM,Outsiders,Donations and volunteering,Related - but not informative,2013_West_Texas_explosion
324054137450926080,RT @prayforbst: They're all happy running for finish line but suddenly someone ruined the marathon. #prayforboston http://t.co/uL2KSS16PV,Outsiders,Sympathy and support,Related - but not informative,2013_Boston_bombings
324030670328451072,@CraigyFerg loving your show for the Boston marathon atrocities. I don't like any other late show. Mostly because you are honest. Awesome,Outsiders,Sympathy and support,Related - but not informative,2013_Boston_bombings
396341230436900864,"RT @pattonoswalt: Let's see if the gun rights advocates can wait a decent interval before spouting their bullsh -- oops, never mind. #LAX",Outsiders,Other Useful Information,Related - but not informative,2013_LA_airport_shootings
218069502787731457,"Hey fam. Please pray for the residents of Colorado. With the winds, the fires are spreading rapidly. We are praying for you, Colorado!!!!",Outsiders,Sympathy and support,Related - but not informative,2012_Colorado_wildfires
396335333257654272,Waiting at a hotel about a half mile from the airport. No idea when LAX might reopen or when flights will start flying again #LAXshooting,Eyewitness,Affected individuals,Related - but not informative,2013_LA_airport_shootings
324862597922947074,RT @CarterBloodCare: Consider donating tomorrow to help those affected by the explosion in West.  RT to spread the word. #carterbloodcare,NGOs,Donations and volunteering,Related - but not informative,2013_West_Texas_explosion
323913158492303360,RT @Connor_Eli: Go to a movie? Get shot. Go to school? Get shot. Run a marathon? Get bombed. Such a selfish world this is. #PrayForBoston,Outsiders,Sympathy and support,Related - but not informative,2013_Boston_bombings
217823733371502592,Lord please bring rain upon Colorado üí¶üí¶ so these fire would stop and folks would stop losing there homes! Everyone please pray for Denver,Outsiders,Sympathy and support,Related - but not informative,2012_Colorado_wildfires
323904325325832192,"RT @RealRomaDowney: ‚Äú@northlandchurch: Prayers going up for everyone at the Boston Marathon.‚ÄùYes God Be with them all,we are praying here",Outsiders,Sympathy and support,Related - but not informative,2013_Boston_bombings
329190494724816896,RT @MissDiagnosis: My latest:  #Jihad and the #BostonMarathon #Bombers Forget about ‚Äòmotive‚Äô - via @nypostopinion  http://t.co/G0roAq3miN,Outsiders,Other Useful Information,Related - but not informative,2013_Boston_bombings
324721463804444672,"Praying for TX friends in West (15 min. N. of my hometown, Waco) as they fight to survive and recover from explosions at fertilizer plant",Outsiders,Sympathy and support,Related - but not informative,2013_West_Texas_explosion
325878609350893568,RT @maleamcguinness: My thoughts and prayers with everyone at the #Boston Marathon...it is so disheartening what humans do to one another,Outsiders,Sympathy and support,Related - but not informative,2013_Boston_bombings
323911749231312896,RT @Cadizzlemore: My thoughts and prayers go out to those affected by the bombs in Boston... this is all just so horrible. #prayforboston,Outsiders,Sympathy and support,Related - but not informative,2013_Boston_bombings
324769044001615872,"Movie theatre shooting, mall shooting, school shooting, Boston bombing, Texas explosion... Mayans must have just been a couple months off",Outsiders,Other Useful Information,Related - but not informative,2013_West_Texas_explosion
407280688325341184,".@MikeBloomberg is read to ban salt, sugar, &amp; styrofoam cups, but he's MIA on the NYC train derailment that requires real leadership.",Outsiders,Other Useful Information,Related - but not informative,2013_NY_train_crash
323936063599017984,"Ah lads, that footage from Boston bombing is horrifying...things like this help you have perspective on life...Im so sad, #ILoveBoston :(",Outsiders,Sympathy and support,Related - but not informative,2013_Boston_bombings
218810749550739456,@ChilledChaos If you have time could you do a shout-out for the Creatures charity stream for the Colorado Wildfires? http://t.co/18MIitkH,Outsiders,Donations and volunteering,Related - but not informative,2012_Colorado_wildfires
379438298587881473,"Good night all, keeping #boulderflood victims in my prayers. Going to help send supplies there and suggest if you're able to do the same.",Outsiders,Sympathy and support,Related - but not informative,2013_Colorado_floods
381867249373417472,Where the hell is my brother? RT @BoulderFlood: Thank you CU Lacrosse team for volunteering! @CULax http://t.co/mH88EKv2XS #boulderflood,Eyewitness,Donations and volunteering,Related - but not informative,2013_Colorado_floods
323985178886291456,@chrislhayes thanks for asking the most intelligent questions about boston marathon bombings all day #boston #realjournalism #monthrufri,Media,Other Useful Information,Related - but not informative,2013_Boston_bombings
323907437499396096,RT @TheMindBlowing: Boston Marathon and JFK Library blast victims need your help. #prayforboston and retweet this http://t.co/bJmfnk4DNk,Outsiders,Sympathy and support,Related - but not informative,2013_Boston_bombings
324739620933873665,"RT @RobertAnthonyyy: Pray for Waco, not Texas. The other day we were, and still are, praying for Boston. Not Massachusetts, just saying.",Outsiders,Sympathy and support,Related - but not informative,2013_West_Texas_explosion
323894560960954368,RT @FellowshipLR: Praying God's healing &amp; comfort to all those injured &amp; affected by the incidents at the #BostonMarathon today.,Outsiders,Sympathy and support,Related - but not informative,2013_Boston_bombings
325343927861387264,The song #Pray by Justin Bieber goes out to all the people that has lost someone in the bombing in #Boston! I pray for u! #PrayForBoston,Outsiders,Sympathy and support,Related - but not informative,2013_Boston_bombings
380450807746797568,"Proud to be playing this all star event in #Loveland, #Colorado to help those affected by the #CoFlood #Potcheen https://t.co/Odn6lq1AAb",Outsiders,Donations and volunteering,Related - but not informative,2013_Colorado_floods
407214321840951296,"Today's brought so much bad news, rip Paul walker, the victims of the helicopter crash nd the victims of the train crash in new york‚ù§Ô∏è‚ù§Ô∏è",Outsiders,Sympathy and support,Related - but not informative,2013_NY_train_crash
324144453390594049,RT @Jaredthecarrot: She lost her life in the Boston marathon . #rip . #rt . #respect . :') 8 years old girl :') . http://t.co/4v5eiCgrY2,Outsiders,Sympathy and support,Related - but not informative,2013_Boston_bombings
407203160806416384,"RT @alexnott: helicopter crash in Glasgow, train crash in New York and a car crash in LA, thinking of a lot of families this Christmas üíï",Outsiders,Sympathy and support,Related - but not informative,2013_NY_train_crash
407171489625288705,@JeffersonObama Just curious. Has CNN managed to screw up any of the major facts of the Bronx Metro North derailment? They do that well.,Outsiders,Other Useful Information,Related - but not informative,2013_NY_train_crash
331021937579008000,RT @kylegotjokes: I knew this Boston shit was so much deeper than the news said #WakeUp #PrayForBoston #FreeBands http://t.co/Rt7Mc6ETmX,Outsiders,Sympathy and support,Related - but not informative,2013_Boston_bombings
397146675237486592,@TheMediaSpeaks: Does this look real to you? #LAX #LAXshooting #falseflag http://t.co/Tib7pWvAV9  Another dummy like one in wheel chair.,Media,Other Useful Information,Related - but not informative,2013_LA_airport_shootings
217832675644424192,"Please keep my family, as well as the other families that had to evacuate the Colorado Springs area due to forest fires, in your prayers",Eyewitness,Sympathy and support,Related - but not informative,2012_Colorado_wildfires
325219898118778880,Feel helpless? Donate to http://t.co/kiO9uTNSGs for victims of the Boston bombing and the Waco explosion. Also assists wounded soldiers.,NGOs,Donations and volunteering,Related - but not informative,2013_West_Texas_explosion
323928950051045377,"RT @EdSheerrann: I don't care who you are, it only takes 5 seconds to RT and possibly save a life. #prayforboston http://t.co/cN00wibuZQ",Outsiders,Sympathy and support,Related - but not informative,2013_Boston_bombings
396338806158139394,All these people talking politics while someone has just lost a loved one..Its sick my prays go out to all of them RT #LAXShooting #LAX,Outsiders,Sympathy and support,Related - but not informative,2013_LA_airport_shootings
324381242831302656,"RT @livinginsg: So now cos of the Boston bombings 'Muslims' is trending?  Wow, fuck stereotypes, not every bombing is done by a Muslim.",Outsiders,Other Useful Information,Related - but not informative,2013_Boston_bombings
323929377870061569,DisHEARtening to HEAR about the senseless bombing in Boston. #PrayforBoston #UnhardentheirHEARts #HEARmyprayer | http://t.co/XnsgqRiDib,Outsiders,Sympathy and support,Related - but not informative,2013_Boston_bombings
324894843765665792,Join me in praying for the Waco residents affected by the massive explosion last night.  May your hearts be comforted during this time.,Outsiders,Sympathy and support,Related - but not informative,2013_West_Texas_explosion
325551894049210368,#Sketch @JessieExclusive: @CNN Predicted Dzhokhar Tsarnaev would be found Friday?  #Conspiracy #BostonBombing #  http://t.co/qzmZBCf0AF,Media,Other Useful Information,Related - but not informative,2013_Boston_bombings
323930191560839168,"#prayforboston i swear i don't understand how people can be so messed up, to think it's funny and cool to bomb a city as big as boston.",Outsiders,Other Useful Information,Related - but not informative,2013_Boston_bombings
325415583376093185,"RT @YasmineGalenorn: And amidst all the Boston chaos...let's not forget the disaster in West, Texas, peeps. A lot of help needed there.",Outsiders,Sympathy and support,Related - but not informative,2013_West_Texas_explosion
407192435949707264,"Let's all say a prayer for the people we lost this morning. @NYGovCuomo, at Metro-North train derailment. http://t.co/z59itREE1r #lohud",Outsiders,Sympathy and support,Related - but not informative,2013_NY_train_crash
220587783893422080,"Please please RT. Help find Lucky Tiny Terrior Mix lost Colorado Springs, worried sick about her. . http://t.co/AVgMkqRi via @pinterest",Eyewitness,Affected individuals,Related - but not informative,2012_Colorado_wildfires
325133239616405505,RT @sexylukeey: I saw the video of this and started crying in the middle of class. It was horrible #prayfortexas http://t.co/3qWYhd2MBt,Outsiders,Sympathy and support,Related - but not informative,2013_West_Texas_explosion
336045166039281664,#BostonBomber #6Stars in Grand Theft Auto early.. Dzhorkar Tsarnaev #MaimingMilers #music #Roadkill #DeadManDown http://t.co/z8lemHNEnm,Not applicable,Affected individuals,Related - but not informative,2013_Boston_bombings
323916216148295683,The boston marathon bombing photos and clips made me sick to my stomach. How could anyone do that to another human being #prayforboston,Outsiders,Sympathy and support,Related - but not informative,2013_Boston_bombings
407181295899668480,"RT @ReformedBroker: Horrified by this crash on Metro North this morning, prayers go out to the riders‚Äô families. http://t.co/37ThuAMUa3",Media,Sympathy and support,Related - but not informative,2013_NY_train_crash
324138401014095872,"An explosion in Boston and Iraq, an earthquake in Iran, the crisis in Syria, the crisis in Palestine.... Wtf is happening to the world?",Outsiders,Sympathy and support,Related - but not informative,2013_Boston_bombings
324736764617031680,RT @therealjonlee: This video is absolutely gut-wrenching and heartbreaking. Praying hard for West. http://t.co/YzG4R7HipB #PrayForWest,Outsiders,Sympathy and support,Related - but not informative,2013_West_Texas_explosion
323893734699839488,My heart goes out to the people in Boston. another senseless tragedy. More dead/critically wounded. .and for what??. Evil begets evil..,Outsiders,Sympathy and support,Related - but not informative,2013_Boston_bombings
324893405098414080,RT @SWFireandRescue: Our thoughts and prayers are with our colleagues and those affected by the terrible explosion and fire in #WestTX.,NGOs,Sympathy and support,Related - but not informative,2013_West_Texas_explosion
324747279762341889,"That shit in Texas ain't no bomb! Lmao just a building fire, which ended up being an explosion because off all the gases &amp; fumes..",Outsiders,Other Useful Information,Related - but not informative,2013_West_Texas_explosion
323912302883639296,RT @franagudo: #PrayforBoston #PrayforBoston #PrayforBoston #PrayforBoston #PrayforBoston #PrayforBoston #PrayforBoston #PrayforBoston,Outsiders,Sympathy and support,Related - but not informative,2013_Boston_bombings
382256283660722176,RT @classyawards: Help @TeamRubicon help those affected by the #COflood donate here: http://t.co/wMPJxxfpSq  #veterans #militarymonday,Outsiders,Donations and volunteering,Related - but not informative,2013_Colorado_floods
407341958701793280,RT @pranvera_hoxhaj: My prayers go out to everyone injured and killed in the metro north derailment god bless you and your families :/,Outsiders,Sympathy and support,Related - but not informative,2013_NY_train_crash
396332229468504065,You don't know what's going on at #LAX  but still post Facebook posts blaming someone. I get it that you are the worst kind of person.,Outsiders,Sympathy and support,Related - but not informative,2013_LA_airport_shootings
396375493705863169,@calebtedictator: Modern warfare 2 predictes the LAX shooting wtf smh lol literally only thing in common was that it was AT an airport,Outsiders,Other Useful Information,Related - but not informative,2013_LA_airport_shootings
326170826539954177,"@Swamy39. Boston bombing culprits would have escaped in India,  they are teenagers.our juveniles laws would have set them free by now.",Outsiders,Other Useful Information,Related - but not informative,2013_Boston_bombings
217874698359418881,@billmaher please RT - help Colorado Springs with the #WaldoCanyonFire http://t.co/jk4lVnhb we need all the help we can get right now!,Media,Donations and volunteering,Related - but not informative,2012_Colorado_wildfires
324324204503777280,RT @Remroum: Saudi man injured in bombing in Boston. Saudi man called a terrorist suspect. Saudi man found to be a witness. #MediaFail,Outsiders,Affected individuals,Related - but not informative,2013_Boston_bombings
324844587589963777,"Goodmorning everyone. Please stay safe. Heard what happened in Waco, TX. And its only Thursday. #PrayForTexas #PrayForBoston #StaySafe",Outsiders,Sympathy and support,Related - but not informative,2013_West_Texas_explosion
217986644337377281,"I've got family in Colorado Springs, so I've been keeping a close eye on the wildfires through the #nws website.  http://t.co/VjH7qk4c",Eyewitness,Affected individuals,Related - but not informative,2012_Colorado_wildfires
324713976980189185,RT @SafeFamiliesDFW: Please join us in praying for those injured &amp; effected by the fertilizer plant explosion in Waco #prayforwaco,Outsiders,Sympathy and support,Related - but not informative,2013_West_Texas_explosion
217822152110510080,RT @LMBeautyShines: Colorado Springs is FINALLY trending.  This fire is the #1 priority in the US!!! :( Please pray for our community!,Outsiders,Sympathy and support,Related - but not informative,2012_Colorado_wildfires
380442368828137472,Dear weather gods - I'm not sure #Longmont is ready for the thunder and lightning and rain just yet. Maybe hold off another week or 2?,Not applicable,Other Useful Information,Related - but not informative,2013_Colorado_floods
328291533755387904,"@NASCARONFOX hey, don't forget about the first responders who lost their lives and the city that was destroyed of West, Texas! #nascar",Outsiders,Sympathy and support,Related - but not informative,2013_West_Texas_explosion
381278436209074176,@BlameItOnGinger Please help my friend wyl who lost his home and business in the Colorado floods http://t.co/cE3SMvcujP Please spread.,Eyewitness,Affected individuals,Related - but not informative,2013_Colorado_floods
324383054762242049,RT @myfoxmemphis: Mayor Tom Menino: We are Boston. We are one community. We will not let terror win. #oneboston #bostonmarathon  (ah),Media,Sympathy and support,Related - but not informative,2013_Boston_bombings
219410585383747584,RT @MmaGeneration: UFC Heavyweight Shane Carwin on the Colorado Fires + Getting Back to the Octagon http://t.co/HJb2Peyn @ShaneCarwin,Outsiders,Sympathy and support,Related - but not informative,2012_Colorado_wildfires
324174069371121665,RT @WeAreBruinsFans: Thank you Chicago. One of the most classiest things I've seen in a while.  #PrayForBoston http://t.co/2ZeLK2Sja5,Outsiders,Sympathy and support,Related - but not informative,2013_Boston_bombings
325244455777103872,RT @CarlosSaavedra2: Are we going to blame the world/immigrants/outsiders or actually fight against war and violence? #BostonMarathon,Outsiders,Caution and advice,Related - but not informative,2013_Boston_bombings
381169300427395073,A couple days to rest and now back covering #coflood aftermath. Headed to #Larimerflood area to get latest at evacuee meeting tonight,Not applicable,Other Useful Information,Related - but not informative,2013_Colorado_floods
381274774581686272,it sucks that the floods in Colorado are affecting Riot Fest but even still my heart goes out to those in Colorado and being affected,Outsiders,Sympathy and support,Related - but not informative,2013_Colorado_floods
212604953846480896,It is doingsome raining #onthefarm!!!   LORD send of this to put out the fires in Colorado.  #Thrutheflames safety!!!   #BelovedofGOD,Outsiders,Sympathy and support,Related - but not informative,2012_Colorado_wildfires
324889135313715201,"RT @NBCNews: Today our prayers go out to the people of West, Texas in the aftermath of last night's deadly explosion. President Obama",Media,Sympathy and support,Related - but not informative,2013_West_Texas_explosion
324742913483493376,"RT @KSRAGER44: When we all wake up and see the real damage that this Texas explosion caused, that is gonna be terrible. #PrayforTexas",Media,Sympathy and support,Related - but not informative,2013_West_Texas_explosion
324750417084952576,IT WAS AN EXPLOSION AT A DAMN FACOTRY!!!! Who in their right mind starts a conspiracy against a fertilizer factory everyone go to bed,Outsiders,Infrastructure and utilities,Related - but not informative,2013_West_Texas_explosion
217876086686621696,Just found out one of my friends in Colorado might have lost her apartment to the fires there. Will know more tomorrow. That sucks :(,Eyewitness,Affected individuals,Related - but not informative,2012_Colorado_wildfires
327242408288997378,"When the Boston Marathon was bombed it really got me thinking, I wondered why? Dear Lord why weren't any of my #exgf's in that race!?",Outsiders,Sympathy and support,Related - but not informative,2013_Boston_bombings
323883693527674881,RT @AARONS_WORLD: North Korea said they were going to strike the USA today and there goes an explosion at the Boston Marathon... SMH.,Outsiders,Other Useful Information,Related - but not informative,2013_Boston_bombings
378143550510088192,I'll show the doppler radar from Boulder Colorado in just a minute...major flooding...and bridge washed away.  Amazing live pictures.,Eyewitness,Other Useful Information,Related - but not informative,2013_Colorado_floods
396519345754353664,"UPDATED: LA Airport Shooting Leaves News Networks Cautious, Celebrities Cub-Reporting, ‚ÄòMad Men‚Äô Crew Stranded http://t.co/aGalBPkMlQ",Media,Other Useful Information,Related - but not informative,2013_LA_airport_shootings
396337975656599553,RT @alexmorgan13: Praying for those involved in the LAX shooting. Scary thinking about how many times I've gone through that airport.,Outsiders,Sympathy and support,Related - but not informative,2013_LA_airport_shootings
217839621407641602,Lord please watch over Your people over in Colorado who are havin a very difficult time with these wildfires. Please take care of em.,Outsiders,Sympathy and support,Related - but not informative,2012_Colorado_wildfires
217258538316210177,@gearfisher Sorry to hear of your loss Gear.  All the best to you and the rest of the CO residents in these tough times #highparkfire,Outsiders,Sympathy and support,Related - but not informative,2012_Colorado_wildfires
378081462223777793,"S/O to @CUBoulder, @dailycamera, and @bouldercounty for being on their game tonight. Thanks for the updates and alerts! #BoulderFlood",Outsiders,Caution and advice,Related - but not informative,2013_Colorado_floods
217828200305266689,RT @thisblondekid: I always said I hated Colorado Springs... but it is such a beautiful place and this is so tragic. #prayforcolorado,Outsiders,Sympathy and support,Related - but not informative,2012_Colorado_wildfires
396349979771412480,AMEN to that!! RT @SamValley: What a relief not to have to listen to Antonio Villaraigosa at a press conference anymore. #LAXShooting,Outsiders,Other Useful Information,Related - but not informative,2013_LA_airport_shootings
323918921465999362,RT @abyjavaadmalik: EVERYONE TWETT THIS PICTURE SO EVERYONE CAN SEE IT. #prayforboston #boston #BostonMarathon http://t.co/VVM4wYM6I2,Outsiders,Sympathy and support,Related - but not informative,2013_Boston_bombings
396498802086907904,The only reason the #LAXShooting happened today is bc millions of people also lost #foodstamps benefits. #distraction from the #truth,Outsiders,Other Useful Information,Related - but not informative,2013_LA_airport_shootings
326260366516576256,@tedcruz How is that 'REGULATION' #jobs killing #EPA working for you at that FERTILZER PLANT in WEST Texas? #budget #sequester #FEMA,Outsiders,Other Useful Information,Related - but not informative,2013_West_Texas_explosion
217979312693968896,RT @stevelange: Plz RT How 2 help those affected by the CO fires: http://t.co/o4tFNLf2 #waldocanyonfire #flagstafffire #highparkfire,Outsiders,Donations and volunteering,Related - but not informative,2012_Colorado_wildfires
323918611121061888,RT @BMW_LifeMorals: Love is real and we have to do everything we can to keep it alive. - Topanga Lawrence #lifemorals #PrayforBoston,Business,Sympathy and support,Related - but not informative,2013_Boston_bombings
323902802776707073,RT @JeffersonBethke: Tragic. Heartbreaking. #prayforboston!! RT @brm90 Streets after bomb at Boston Marathon. http://t.co/HCltbMa7xM,Outsiders,Sympathy and support,Related - but not informative,2013_Boston_bombings
323894531617591296,What the hell?! Bombs at the Boston marathon?! Keeping all the injures and families of the people that died in my thought. #saddness,Outsiders,Sympathy and support,Related - but not informative,2013_Boston_bombings
326398136836829184,"If a pressure cooker bomb is a #WMD , what of an entire building that was a ticking time BOMB? West Fertilizer = Domestic Terrorism!",Outsiders,Other Useful Information,Related - but not informative,2013_West_Texas_explosion
325090721944178689,Report on Texas plant explosion; Boston bombing media analysis; Film War on Whistleblowers http://t.co/n50XkTgWoG (by @democracynow),Media,Other Useful Information,Related - but not informative,2013_West_Texas_explosion
379399283163664384,Interesting holiday experience: buying bottled water in Colorado because maybe the tap water is contaminated by the enormous floods.,Eyewitness,Affected individuals,Related - but not informative,2013_Colorado_floods
324863164187553792,"RT @GreyChristianT: Good morning, watching CNN. My thoughts goes to all the families on West, Texas and still on Boston. #CrazyWorld",Outsiders,Sympathy and support,Related - but not informative,2013_West_Texas_explosion
325409740693831681,RT @SoVeryAwkward: That awkward moment when Dzhokhar Tsarnaev doesn't realize that boats only work on water. #manhunt #BostonManhunt,Outsiders,Other Useful Information,Related - but not informative,2013_Boston_bombings
325291616522878977,"Our hearts and prayers go out to our families and friends in West, Texas.  We're thinking of y'all every day. http://t.co/MYNXfsz8Ji",Outsiders,Sympathy and support,Related - but not informative,2013_West_Texas_explosion
379628933886386176,"#COFlood, look at that sun trying to peak it's way through the clouds!  Help CO Flood victims &amp; their families @AmericanRedCross",Outsiders,Donations and volunteering,Related - but not informative,2013_Colorado_floods
325343692984549377,"this has been a bad week for the u.s! first the boston marathon bombing, then the explosion in texas, now we get tornados #staysafe",Outsiders,Sympathy and support,Related - but not informative,2013_West_Texas_explosion
324855345996505089,RT @RachelVeCHEESY: #prayfortexas #prayforboston it's only Thursday and this is the second disaster of the week. This is sickening.,Outsiders,Sympathy and support,Related - but not informative,2013_West_Texas_explosion
396314030383443968,"What the hell is going on at LAX, and why does something bad ALWAYS happen at an airport on days that I fly? Explain, @jonostrower.",Outsiders,Affected individuals,Related - but not informative,2013_LA_airport_shootings
379266235629727744,"RT @bylindsayhjones: As we get ready for football, let's keep those struggling to recover from the Colorado floods in our thoughts.",Outsiders,Sympathy and support,Related - but not informative,2013_Colorado_floods
323911359156871170,@seanwbu: April 15th: Titanic sunk April 15th: Hillsborough Disaster April 15th: Boston Explosion. Holy shit and my mums birthday!!,Outsiders,Sympathy and support,Related - but not informative,2013_Boston_bombings
325125102645673984,RT @morandiniblog: EN DIRECT - Tirs et explosions √† l'Universit√© de Boston: Au moins un policier tu√© #boston http://t.co/fc2gfgEmSS,Not applicable,Not applicable,Related - but not informative,2013_Boston_bombings
379242374263996416,My heart &amp; prayers go out to all the people in #Colorado &amp; to any1 who has friends or family affected by the #coloradoflood,Outsiders,Sympathy and support,Related - but not informative,2013_Colorado_floods
407183858623598592,RT @CardinalDolan: Let us pray for those killed and injured in the terrible Metro North train derailment this morning in the Bronx.,Outsiders,Sympathy and support,Related - but not informative,2013_NY_train_crash
324705621905649664,My #selfie #swaggypeacehope #justordinarygurl #prayforboston pray#selca I need more followers! #Pluuuuhease http://t.co/3bF25vbGnM,Outsiders,Sympathy and support,Related - but not informative,2013_Boston_bombings
323906191753375745,‚Äú@SorryNotSoorry: #PrayForBoston. This is so extremely heartbreaking. http://t.co/ss5CQ3buLV‚Äù my heart goes out to all the victims,Outsiders,Sympathy and support,Related - but not informative,2013_Boston_bombings
325424999567605760,"RT @AfricanDad: So @CNN and @FoxNews can pronounce Dzhokar Tsarnaev correctly, but can't pronounce Emeka Okafor right? See America",Outsiders,Other Useful Information,Related - but not informative,2013_Boston_bombings
344322373329235969,RT @fancyfenty: he wouldn touch ur lebanese ass with a stick RT @reIaxbro what name would you rather yell in bed dzhokhar or jahar,Outsiders,Not applicable,Related - but not informative,2013_Boston_bombings
323898948228112385,"RT @penialltration: Please rt, I am in Boston right now, I know someone who was injured and my family won't pick up #prayforboston",Eyewitness,Sympathy and support,Related - but not informative,2013_Boston_bombings
396342413251584000,"RT @troyesivan: My thoughts are with the victims at #LAX and with the people of Los Angeles. Stay safe everyone, people are crazy.",Outsiders,Sympathy and support,Related - but not informative,2013_LA_airport_shootings
218110510523088897,"Just found out a good friend's house burnt down today in the forest fires in Colorado. Take care of yourself, my Colorado friends!",Eyewitness,Affected individuals,Related - but not informative,2012_Colorado_wildfires
218060300509913088,Mashable: 9 shocking Twitter pictures of Colorado Springs wildfires. Hoping our relatives there are safe. #in http://t.co/KIGP7olQ,Media,Affected individuals,Related - but not informative,2012_Colorado_wildfires
396332896392204288,"@AnthonyCumia How about the odds it was personal, over a woman, and nothing to do with his job or the airport at all? #LAXshooting",Outsiders,Other Useful Information,Related - but not informative,2013_LA_airport_shootings
407277194470498304,"What's going on in the world,First the helicopter crash then Paul walker dying in a car crash then a train crashing in New York!!!",Outsiders,Sympathy and support,Related - but not informative,2013_NY_train_crash
325611767751385088,RT @ZaneKayoheye: If 3 people died in #boston and more than 4 times that died in #west why does Boston get so much more attention?,Outsiders,Affected individuals,Related - but not informative,2013_West_Texas_explosion
324193707119222784,"En mi Tweeted Times: Google Person Finder:      Boston Marathon Explosions http://t.co/PNc8Knc31D, see more http://t.co/xpO9o2PrC3",Outsiders,Other Useful Information,Related - but not informative,2013_Boston_bombings
220299287106551808,RT @VaSarver: Yall complaining about no power and ac and the people in Colorado losing their HOMES and LIVES to fires. #bethankful,Outsiders,Sympathy and support,Related - but not informative,2012_Colorado_wildfires
324142373015781377,RT @EsmeraldaKiczek: The Lord is close to the brokenhearted and saves those who are crushed in spirit. ~Psalm 34:18 #PrayforBoston,Outsiders,Sympathy and support,Related - but not informative,2013_Boston_bombings
396406368015355904,@wbcsays If God sent the shooter to LAX  everyone would have been killed #SatanSentTheShooter  you pray for hatred but God is LOVE,Outsiders,Sympathy and support,Related - but not informative,2013_LA_airport_shootings
407181136528302080,‚Äú@CardinalDolan: Let us pray for those killed and injured in the terrible Metro North train derailment this morning in the Bronx.‚Äù,Outsiders,Sympathy and support,Related - but not informative,2013_NY_train_crash
217804213068103680,"RT @TammyBarber: Lord, protect those in the path of the fires in Colorado. Please, send your Divine extinguisher for those fires!",Outsiders,Sympathy and support,Related - but not informative,2012_Colorado_wildfires
218411049194491904,Met a woman today who escaped her town in Boulder because of the fires...her house is completely destroyed. #humbled #prayingtime,Eyewitness,Infrastructure and utilities,Related - but not informative,2012_Colorado_wildfires
217865307291787265,"@28CGiroux please pray for Colorado Springs, Colorado. There is a giant wild fire burning the town. Please RT to raise awareness.",Outsiders,Sympathy and support,Related - but not informative,2012_Colorado_wildfires
323983601836376066,"An end to a very terrible day, could care less about the habs losing tho, my mind is on the poor victims in Boston #PRAYFORBOSTON",Outsiders,Sympathy and support,Related - but not informative,2013_Boston_bombings
326104476836573185,@cnn @foxnews would be NICE to see more about  #Waco we want to know what happened down there too!!! praying for Boston and waco.,Outsiders,Sympathy and support,Related - but not informative,2013_West_Texas_explosion
379119284019941376,Prayers going out to everyone who's getting affected by the Colorado flooding. I have a friend who is VERY close to the flooding.,Outsiders,Sympathy and support,Related - but not informative,2013_Colorado_floods
218333999830020096,To all the Emergency crews in Colorado Springs. Be Brave and Godspeed! It is hell there right now. #firebrea http://t.co/NIZgjHmQ,Government,Sympathy and support,Related - but not informative,2012_Colorado_wildfires
382284171604807680,RT @thekitchwitch @MadGreens @AnthonysPizza @BWWings #longmontflood . Thank you for your generous support of victims of #COflood.,Business,Donations and volunteering,Related - but not informative,2013_Colorado_floods
325427449066319872,So glad the standoff in #watertown is over. Kudos to all of the law enforcement officers involved. #ripseancollier #PrayForBoston,Outsiders,Sympathy and support,Related - but not informative,2013_Boston_bombings
327533765616365568,RT @JolandaMosley #westtx Always praying for the families of West! We stand together today&amp;forever....Peace&amp;Blessings ‚ù§Ôíê‚ù§,Outsiders,Sympathy and support,Related - but not informative,2013_West_Texas_explosion
379670180659335168,Today's Takeaway - Justice Ginsburg Speaks | U.S. &amp; Russia Strike Deal on Syria's Chemical Weapons | Colorado Floods Continue,Media,Other Useful Information,Related - but not informative,2013_Colorado_floods
324744557659037697,"RT @JustNataliie: WOw i just woke up, came on tt and i saw this  #PrayForTexas  :O WHAT IS GOING ON WITH THIS FUCKING WORLD ?! :/",Outsiders,Sympathy and support,Related - but not informative,2013_West_Texas_explosion
325041032003723264,RT @57UN: Only in Texas.. This is what no zoning regulations looks like.. #WestExplosion #Waco http://t.co/a5plOGNtok #abcnews24,Media,Other Useful Information,Related - but not informative,2013_West_Texas_explosion
325450542883151874,RT @Baseball_Jesus_: Dzhokhar Tsarnaev should have to take multiple Aroldis Chapman fastballs to the nuts as punishment. #Merica,Outsiders,Sympathy and support,Related - but not informative,2013_Boston_bombings
326403220337459202,RT @stagingvera: Obama spends time fundraising in Texas but no time for West Texas Disaster!  http://t.co/NjfBhsyY39 via @sdhaff,Outsiders,Donations and volunteering,Related - but not informative,2013_West_Texas_explosion
323945198805733376,RT @ashleytisdale: So terrible &amp; scary to see such violence. Keeping everyone in #Boston in my thoughts today #prayforboston,Outsiders,Sympathy and support,Related - but not informative,2013_Boston_bombings
212227898512388096,RT @danbaileyphoto: Best wishes to all of my Northern Colorado friends who are in the path of the out of control High Park Fire.,Outsiders,Sympathy and support,Related - but not informative,2012_Colorado_wildfires
323917424112054275,RT @twhiddleston: The Boston Marathon bombing is horrifying and chilling. My thoughts and prayers are with victims and families.,Outsiders,Sympathy and support,Related - but not informative,2013_Boston_bombings
